{
	"partitions" : [
		{
			"name" : "Top",
			"pins" : [
				{
					"name" : "to_arduino[4]",
					"strict" : false
				},
				{
					"name" : "to_arduino[5]",
					"strict" : false
				},
				{
					"name" : "to_arduino[6]",
					"strict" : false
				},
				{
					"name" : "to_arduino[7]",
					"strict" : false
				},
				{
					"name" : "to_arduino[8]",
					"strict" : false
				},
				{
					"name" : "to_arduino[9]",
					"strict" : false
				},
				{
					"name" : "to_arduino[10]",
					"strict" : false
				},
				{
					"name" : "to_arduino[11]",
					"strict" : false
				},
				{
					"name" : "to_arduino[12]",
					"strict" : false
				},
				{
					"name" : "to_arduino[13]",
					"strict" : false
				},
				{
					"name" : "seg7_neg_sign[6]",
					"strict" : false
				},
				{
					"name" : "seg7_dig0[6]",
					"strict" : false
				},
				{
					"name" : "seg7_dig0[5]",
					"strict" : false
				},
				{
					"name" : "seg7_dig0[4]",
					"strict" : false
				},
				{
					"name" : "seg7_dig0[3]",
					"strict" : false
				},
				{
					"name" : "seg7_dig0[2]",
					"strict" : false
				},
				{
					"name" : "seg7_dig0[1]",
					"strict" : false
				},
				{
					"name" : "seg7_dig0[0]",
					"strict" : false
				},
				{
					"name" : "seg7_dig1[6]",
					"strict" : false
				},
				{
					"name" : "seg7_dig1[5]",
					"strict" : false
				},
				{
					"name" : "seg7_dig1[4]",
					"strict" : false
				},
				{
					"name" : "seg7_dig1[3]",
					"strict" : false
				},
				{
					"name" : "seg7_dig1[2]",
					"strict" : false
				},
				{
					"name" : "seg7_dig1[1]",
					"strict" : false
				},
				{
					"name" : "seg7_dig1[0]",
					"strict" : false
				},
				{
					"name" : "seg7_dig2[5]",
					"strict" : false
				},
				{
					"name" : "seg7_dig2[4]",
					"strict" : false
				},
				{
					"name" : "seg7_dig2[3]",
					"strict" : false
				},
				{
					"name" : "seg7_dig2[0]",
					"strict" : false
				},
				{
					"name" : "GPIO",
					"strict" : false
				},
				{
					"name" : "sync",
					"strict" : false
				},
				{
					"name" : "test_send",
					"strict" : false
				},
				{
					"name" : "done",
					"strict" : false
				},
				{
					"name" : "i[0]",
					"strict" : false
				},
				{
					"name" : "i[1]",
					"strict" : false
				},
				{
					"name" : "i[2]",
					"strict" : false
				},
				{
					"name" : "i[3]",
					"strict" : false
				},
				{
					"name" : "PS2_CLK",
					"strict" : false
				},
				{
					"name" : "PS2_DAT",
					"strict" : false
				},
				{
					"name" : "clk",
					"strict" : false
				},
				{
					"name" : "rst",
					"strict" : false
				},
				{
					"name" : "rst_keyboard",
					"strict" : false
				},
				{
					"name" : "address",
					"strict" : false
				},
				{
					"name" : "chipselect",
					"strict" : false
				},
				{
					"name" : "write",
					"strict" : false
				},
				{
					"name" : "byteen[0]",
					"strict" : false
				},
				{
					"name" : "read",
					"strict" : false
				}
			]
		}
	]
}