<?xml version="1.0" encoding="UTF-8"?>
<deploy
 date="2021.12.10.11:00:21"
 outputDirectory="C:/Users/barnese6/Desktop/final_project/db/ip/ps2_keyboard/">
 <perimeter>
  <parameter
     name="AUTO_GENERATION_ID"
     type="Integer"
     defaultValue="0"
     onHdl="0"
     affectsHdl="1" />
  <parameter
     name="AUTO_UNIQUE_ID"
     type="String"
     defaultValue=""
     onHdl="0"
     affectsHdl="1" />
  <parameter
     name="AUTO_DEVICE_FAMILY"
     type="String"
     defaultValue="Cyclone IV E"
     onHdl="0"
     affectsHdl="1" />
  <parameter
     name="AUTO_DEVICE"
     type="String"
     defaultValue="EP4CE115F29C7"
     onHdl="0"
     affectsHdl="1" />
  <parameter
     name="AUTO_DEVICE_SPEEDGRADE"
     type="String"
     defaultValue="7"
     onHdl="0"
     affectsHdl="1" />
  <parameter
     name="AUTO_CLK_CLOCK_RATE"
     type="Long"
     defaultValue="-1"
     onHdl="0"
     affectsHdl="1" />
  <parameter
     name="AUTO_CLK_CLOCK_DOMAIN"
     type="Integer"
     defaultValue="-1"
     onHdl="0"
     affectsHdl="1" />
  <parameter
     name="AUTO_CLK_RESET_DOMAIN"
     type="Integer"
     defaultValue="-1"
     onHdl="0"
     affectsHdl="1" />
  <interface name="avalon_ps2_slave" kind="avalon" start="0">
   <property name="addressAlignment" value="DYNAMIC" />
   <property name="addressGroup" value="0" />
   <property name="addressSpan" value="8" />
   <property name="addressUnits" value="WORDS" />
   <property name="alwaysBurstMaxBurst" value="false" />
   <property name="associatedClock" value="clk" />
   <property name="associatedReset" value="reset" />
   <property name="bitsPerSymbol" value="8" />
   <property name="bridgedAddressOffset" value="0" />
   <property name="bridgesToMaster" value="" />
   <property name="burstOnBurstBoundariesOnly" value="false" />
   <property name="burstcountUnits" value="WORDS" />
   <property name="constantBurstBehavior" value="false" />
   <property name="explicitAddressSpan" value="0" />
   <property name="holdTime" value="0" />
   <property name="interleaveBursts" value="false" />
   <property name="isBigEndian" value="false" />
   <property name="isFlash" value="false" />
   <property name="isMemoryDevice" value="false" />
   <property name="isNonVolatileStorage" value="false" />
   <property name="linewrapBursts" value="false" />
   <property name="maximumPendingReadTransactions" value="0" />
   <property name="maximumPendingWriteTransactions" value="0" />
   <property name="minimumUninterruptedRunLength" value="1" />
   <property name="printableDevice" value="false" />
   <property name="readLatency" value="1" />
   <property name="readWaitStates" value="0" />
   <property name="readWaitTime" value="0" />
   <property name="registerIncomingSignals" value="false" />
   <property name="registerOutgoingSignals" value="false" />
   <property name="setupTime" value="0" />
   <property name="timingUnits" value="Cycles" />
   <property name="transparentBridge" value="false" />
   <property name="wellBehavedWaitrequest" value="false" />
   <property name="writeLatency" value="0" />
   <property name="writeWaitStates" value="0" />
   <property name="writeWaitTime" value="0" />
   <port name="address" direction="input" role="address" width="1" />
   <port name="chipselect" direction="input" role="chipselect" width="1" />
   <port name="byteenable" direction="input" role="byteenable" width="4" />
   <port name="read" direction="input" role="read" width="1" />
   <port name="write" direction="input" role="write" width="1" />
   <port name="writedata" direction="input" role="writedata" width="32" />
   <port name="readdata" direction="output" role="readdata" width="32" />
   <port name="waitrequest" direction="output" role="waitrequest" width="1" />
  </interface>
  <interface name="clk" kind="clock" start="0">
   <property name="clockRate" value="0" />
   <property name="externallyDriven" value="false" />
   <property name="ptfSchematicName" value="" />
   <port name="clk" direction="input" role="clk" width="1" />
  </interface>
  <interface name="external_interface" kind="conduit" start="0">
   <property name="associatedClock" value="" />
   <property name="associatedReset" value="" />
   <port name="PS2_CLK" direction="bidir" role="CLK" width="1" />
   <port name="PS2_DAT" direction="bidir" role="DAT" width="1" />
  </interface>
  <interface name="interrupt" kind="interrupt" start="0">
   <property
       name="associatedAddressablePoint"
       value="ps2_keyboard.avalon_ps2_slave" />
   <property name="associatedClock" value="clk" />
   <property name="associatedReset" value="reset" />
   <property name="bridgedReceiverOffset" value="0" />
   <property name="bridgesToReceiver" value="" />
   <property name="irqScheme" value="NONE" />
   <port name="irq" direction="output" role="irq" width="1" />
  </interface>
  <interface name="reset" kind="reset" start="0">
   <property name="associatedClock" value="clk" />
   <property name="synchronousEdges" value="DEASSERT" />
   <port name="reset" direction="input" role="reset" width="1" />
  </interface>
 </perimeter>
 <entity
   path=""
   parameterizationKey="ps2_keyboard:1.0:AUTO_CLK_CLOCK_DOMAIN=-1,AUTO_CLK_CLOCK_RATE=-1,AUTO_CLK_RESET_DOMAIN=-1,AUTO_DEVICE=EP4CE115F29C7,AUTO_DEVICE_FAMILY=Cyclone IV E,AUTO_DEVICE_SPEEDGRADE=7,AUTO_GENERATION_ID=1639152020,AUTO_UNIQUE_ID=(altera_up_avalon_ps2:16.1:AUTO_CLK_CLOCK_RATE=0,AUTO_DEVICE_FAMILY=Cyclone IV E,avalon_bus_type=Memory Mapped,clk_rate=50000000)"
   instancePathKey="ps2_keyboard"
   kind="ps2_keyboard"
   version="1.0"
   name="ps2_keyboard">
  <parameter name="AUTO_CLK_CLOCK_RATE" value="-1" />
  <parameter name="AUTO_GENERATION_ID" value="1639152020" />
  <parameter name="AUTO_DEVICE" value="EP4CE115F29C7" />
  <parameter name="AUTO_DEVICE_FAMILY" value="Cyclone IV E" />
  <parameter name="AUTO_CLK_RESET_DOMAIN" value="-1" />
  <parameter name="AUTO_CLK_CLOCK_DOMAIN" value="-1" />
  <parameter name="AUTO_UNIQUE_ID" value="" />
  <parameter name="AUTO_DEVICE_SPEEDGRADE" value="7" />
  <generatedFiles>
   <file
       path="C:/Users/barnese6/Desktop/final_project/db/ip/ps2_keyboard/ps2_keyboard.v"
       type="VERILOG" />
  </generatedFiles>
  <childGeneratedFiles>
   <file
       path="C:/Users/barnese6/Desktop/final_project/db/ip/ps2_keyboard/submodules/altera_up_ps2.v"
       type="VERILOG" />
   <file
       path="C:/Users/barnese6/Desktop/final_project/db/ip/ps2_keyboard/submodules/altera_up_ps2_command_out.v"
       type="VERILOG" />
   <file
       path="C:/Users/barnese6/Desktop/final_project/db/ip/ps2_keyboard/submodules/altera_up_ps2_data_in.v"
       type="VERILOG" />
   <file
       path="C:/Users/barnese6/Desktop/final_project/db/ip/ps2_keyboard/submodules/ps2_keyboard_ps2_0.v"
       type="VERILOG" />
  </childGeneratedFiles>
  <sourceFiles>
   <file path="C:/Users/barnese6/Desktop/final_project/ps2_keyboard.qsys" />
  </sourceFiles>
  <childSourceFiles>
   <file
       path="C:/intelfpga_lite/16.1/ip/altera/university_program/input_output/altera_up_avalon_ps2/altera_up_avalon_ps2_hw.tcl" />
   <file
       path="C:/intelfpga_lite/16.1/ip/altera/university_program/input_output/altera_up_avalon_ps2/hdl/altera_up_ps2.v" />
   <file
       path="C:/intelfpga_lite/16.1/ip/altera/university_program/input_output/altera_up_avalon_ps2/hdl/altera_up_ps2_command_out.v" />
   <file
       path="C:/intelfpga_lite/16.1/ip/altera/university_program/input_output/altera_up_avalon_ps2/hdl/altera_up_ps2_data_in.v" />
  </childSourceFiles>
  <messages>
   <message level="Debug" culprit="ps2_keyboard">queue size: 0 starting:ps2_keyboard "ps2_keyboard"</message>
   <message level="Progress" culprit="min"></message>
   <message level="Progress" culprit="max"></message>
   <message level="Progress" culprit="current"></message>
   <message level="Debug">Transform: CustomInstructionTransform</message>
   <message level="Debug">No custom instruction connections, skipping transform </message>
   <message level="Debug" culprit="merlin_custom_instruction_transform"><![CDATA[After transform: <b>1</b> modules, <b>0</b> connections]]></message>
   <message level="Debug">Transform: MMTransform</message>
   <message level="Debug">Transform: InterruptMapperTransform</message>
   <message level="Debug">Transform: InterruptSyncTransform</message>
   <message level="Debug">Transform: InterruptFanoutTransform</message>
   <message level="Debug">Transform: AvalonStreamingTransform</message>
   <message level="Debug">Transform: ResetAdaptation</message>
   <message level="Debug" culprit="ps2_keyboard"><![CDATA["<b>ps2_keyboard</b>" reuses <b>altera_up_avalon_ps2</b> "<b>submodules/ps2_keyboard_ps2_0</b>"]]></message>
   <message level="Debug" culprit="ps2_keyboard">queue size: 0 starting:altera_up_avalon_ps2 "submodules/ps2_keyboard_ps2_0"</message>
   <message level="Info" culprit="ps2_0">Starting Generation of PS2 Controller</message>
   <message level="Info" culprit="ps2_0"><![CDATA["<b>ps2_keyboard</b>" instantiated <b>altera_up_avalon_ps2</b> "<b>ps2_0</b>"]]></message>
  </messages>
 </entity>
 <entity
   path="submodules/"
   parameterizationKey="altera_up_avalon_ps2:16.1:AUTO_CLK_CLOCK_RATE=0,AUTO_DEVICE_FAMILY=Cyclone IV E,avalon_bus_type=Memory Mapped,clk_rate=50000000"
   instancePathKey="ps2_keyboard:.:ps2_0"
   kind="altera_up_avalon_ps2"
   version="16.1"
   name="ps2_keyboard_ps2_0">
  <parameter name="AUTO_CLK_CLOCK_RATE" value="0" />
  <parameter name="avalon_bus_type" value="Memory Mapped" />
  <parameter name="clk_rate" value="50000000" />
  <parameter name="AUTO_DEVICE_FAMILY" value="Cyclone IV E" />
  <generatedFiles>
   <file
       path="C:/Users/barnese6/Desktop/final_project/db/ip/ps2_keyboard/submodules/altera_up_ps2.v"
       type="VERILOG" />
   <file
       path="C:/Users/barnese6/Desktop/final_project/db/ip/ps2_keyboard/submodules/altera_up_ps2_command_out.v"
       type="VERILOG" />
   <file
       path="C:/Users/barnese6/Desktop/final_project/db/ip/ps2_keyboard/submodules/altera_up_ps2_data_in.v"
       type="VERILOG" />
   <file
       path="C:/Users/barnese6/Desktop/final_project/db/ip/ps2_keyboard/submodules/ps2_keyboard_ps2_0.v"
       type="VERILOG" />
  </generatedFiles>
  <childGeneratedFiles/>
  <sourceFiles>
   <file
       path="C:/intelfpga_lite/16.1/ip/altera/university_program/input_output/altera_up_avalon_ps2/altera_up_avalon_ps2_hw.tcl" />
   <file
       path="C:/intelfpga_lite/16.1/ip/altera/university_program/input_output/altera_up_avalon_ps2/hdl/altera_up_ps2.v" />
   <file
       path="C:/intelfpga_lite/16.1/ip/altera/university_program/input_output/altera_up_avalon_ps2/hdl/altera_up_ps2_command_out.v" />
   <file
       path="C:/intelfpga_lite/16.1/ip/altera/university_program/input_output/altera_up_avalon_ps2/hdl/altera_up_ps2_data_in.v" />
  </sourceFiles>
  <childSourceFiles/>
  <instantiator instantiator="ps2_keyboard" as="ps2_0" />
  <messages>
   <message level="Debug" culprit="ps2_keyboard">queue size: 0 starting:altera_up_avalon_ps2 "submodules/ps2_keyboard_ps2_0"</message>
   <message level="Info" culprit="ps2_0">Starting Generation of PS2 Controller</message>
   <message level="Info" culprit="ps2_0"><![CDATA["<b>ps2_keyboard</b>" instantiated <b>altera_up_avalon_ps2</b> "<b>ps2_0</b>"]]></message>
  </messages>
 </entity>
</deploy>
